Year,ClubLongName,ClubShortName,Points
2006,Seeclub Luzern,SC Luzern,60
2006,Ruderclub Baden,RC Baden,33
2006,Ruderclub Reuss Luzern,RC Reuss Luzern,19
2006,Ruderclub Kaufleuten Zürich,RC Kaufleuten Zürich,18
2006,Basler Ruder-Club,Basler RC,16
2006,Grasshopper Ruderclub Zürich,Grasshopper RC Zürich,14
2006,Forward Rowing Club Morges,Forward RC Morges,13
2006,Seeclub Zürich,SC Zürich,13
2006,Belvoir Ruderclub Zürich,Belvoir RC Zürich,11
2006,Ruderclub Thalwil,RC Thalwil,7
2006,Lausanne-Sports Section Aviron,Lausanne-Sports SA,6
2006,Seeclub Sursee,SC Sursee,6
2006,Club Aviron Vevey,CA Vevey,5
2006,Società Canottieri Locarno,SC Locarno,5
2006,Seeclub Küsnacht,SC Küsnacht,3
2006,Ruderclub Kreuzlingen,RC Kreuzlingen,2
2006,Rudergesellschaft Zürich,RG Zürich,1
2007,Seeclub Luzern,SC Luzern,92
2007,Ruderclub Reuss Luzern,RC Reuss Luzern,82
2007,Ruderclub Baden,RC Baden,64
2007,Seeclub Zürich,SC Zürich,40
2007,Ruderclub Kaufleuten Zürich,RC Kaufleuten Zürich,29
2007,Club Aviron Vésenaz,CA Vésenaz,25
2007,Lausanne-Sports Section Aviron,Lausanne-Sports SA,23
2007,Club Canottieri Lugano,CC Lugano,19
2007,Forward Rowing Club Morges,Forward RC Morges,17
2007,Belvoir Ruderclub Zürich,Belvoir RC Zürich,15
2007,Grasshopper Ruderclub Zürich,Grasshopper RC Zürich,15
2007,Rowing Club Bern,RC Bern,12
2007,Ruderclub Schaffhausen,RC Schaffhausen,9
2007,Ruderclub Thalwil,RC Thalwil,9
2007,Basler Ruder-Club,Basler RC,8
2007,Seeclub Sursee,SC Sursee,8
2007,Solothurner Ruderclub,Solothurner RC,8
2007,Rowing Club Lausanne,RC Lausanne,7
2007,Seeclub Arbon,SC Arbon,5
2007,Seeclub Stäfa,SC Stäfa,5
2007,Seeclub Biel,SC Biel,4
2007,Nordiska Roddföreningen Zürich,Nordiska Zürich,3
2007,Ruderclub Cham,RC Cham,3
2007,Club Aviron Vevey,CA Vevey,1
2007,Regattaverein Luzern,Regattaverein Luzern,1
2007,Seeclub Küsnacht,SC Küsnacht,1
2008,Ruderclub Baden,RC Baden,79
2008,Ruderclub Reuss Luzern,RC Reuss Luzern,71
2008,Seeclub Luzern,SC Luzern,43
2008,Ruderclub Schaffhausen,RC Schaffhausen,35
2008,Seeclub Zürich,SC Zürich,33
2008,Grasshopper Ruderclub Zürich,Grasshopper RC Zürich,28
2008,Ruderclub Kaufleuten Zürich,RC Kaufleuten Zürich,26
2008,Club Aviron Vésenaz,CA Vésenaz,23
2008,Ruderclub Thalwil,RC Thalwil,17
2008,Ruderclub Zürich,RC Zürich,17
2008,Lausanne-Sports Section Aviron,Lausanne-Sports SA,14
2008,Seeclub Stäfa,SC Stäfa,11
2008,Basler Ruder-Club,Basler RC,10
2008,Rowing Club Lausanne,RC Lausanne,9
2008,Solothurner Ruderclub,Solothurner RC,9
2008,Forward Rowing Club Morges,Forward RC Morges,7
2008,Polytechniker Ruderclub Zürich,Polytechniker RC Zürich,7
2008,Seeclub Biel,SC Biel,7
2008,Seeclub Küsnacht,SC Küsnacht,6
2008,Ruderclub Cham,RC Cham,5
2008,Ruderclub Hallwilersee,RC Hallwilersee,4
2008,Belvoir Ruderclub Zürich,Belvoir RC Zürich,3
2008,Ruderclub Sarnen,RC Sarnen,2
2008,Seeclub Sursee,SC Sursee,2
2008,Nordiska Roddföreningen Zürich,Nordiska Zürich,1
2008,Société Nautique de Neuchâtel,SN Neuchâtel,1
2009,Ruderclub Baden,RC Baden,81
2009,Seeclub Zürich,SC Zürich,45
2009,Ruderclub Kaufleuten Zürich,RC Kaufleuten Zürich,42
2009,Seeclub Luzern,SC Luzern,33
2009,Ruderclub Reuss Luzern,RC Reuss Luzern,31
2009,Basler Ruder-Club,Basler RC,26
2009,Seeclub Sempach,SC Sempach,22
2009,Ruderclub Zürich,RC Zürich,20
2009,Polytechniker Ruderclub Zürich,Polytechniker RC Zürich,17
2009,Club Aviron Vésenaz,CA Vésenaz,16
2009,Ruderclub Schaffhausen,RC Schaffhausen,14
2009,Ruderclub Thalwil,RC Thalwil,12
2009,Grasshopper Ruderclub Zürich,Grasshopper RC Zürich,11
2009,Solothurner Ruderclub,Solothurner RC,11
2009,Club Aviron Vevey,CA Vevey,8
2009,Ruderclub Cham,RC Cham,8
2009,Rowing Club Lausanne,RC Lausanne,6
2009,Seeclub Stansstad,SC Stansstad,6
2009,See-Club Zug,SC Zug,6
2009,Lausanne-Sports Section Aviron,Lausanne-Sports SA,5
2009,Ruderclub Hallwilersee,RC Hallwilersee,5
2009,Seeclub Stäfa,SC Stäfa,5
2009,Ruderclub Aarburg,RC Aarburg,4
2009,Ruderclub Sarnen,RC Sarnen,2
2009,Seeclub Küsnacht,SC Küsnacht,2
2009,Belvoir Ruderclub Zürich,Belvoir RC Zürich,1
2009,Ruderclub Blauweiss Basel,RC Blauweiss Basel,1
2009,Seeclub Sursee,SC Sursee,1
2009,Société Nautique de Neuchâtel,SN Neuchâtel,1
2010,Ruderclub Baden,RC Baden,96
2010,Grasshopper Ruderclub Zürich,Grasshopper RC Zürich,91
2010,Seeclub Zürich,SC Zürich,89
2010,Seeclub Luzern,SC Luzern,83
2010,Belvoir Ruderclub Zürich,Belvoir RC Zürich,45
2010,Société Nautique de Genève Section Aviron,SN Genève SA,45
2010,Ruderclub Schaffhausen,RC Schaffhausen,38
2010,Forward Rowing Club Morges,Forward RC Morges,35
2010,Polytechniker Ruderclub Zürich,Polytechniker RC Zürich,28
2010,Club Aviron Vevey,CA Vevey,27
2010,Basler Ruder-Club,Basler RC,22
2010,Ruderclub Kaufleuten Zürich,RC Kaufleuten Zürich,22
2010,Ruderclub Reuss Luzern,RC Reuss Luzern,22
2010,Ruderclub Zürich,RC Zürich,20
2010,Seeclub Sempach,SC Sempach,20
2010,Rowing Club Lausanne,RC Lausanne,18
2010,Seeclub Stansstad,SC Stansstad,17
2010,See-Club Zug,SC Zug,15
2010,Solothurner Ruderclub,Solothurner RC,14
2010,Ruderclub Cham,RC Cham,10
2010,Seeclub Küsnacht,SC Küsnacht,8
2010,Ruderclub Aarburg,RC Aarburg,6
2010,Seeclub Wädenswil,SC Wädenswil,6
2010,Ruderclub Hallwilersee,RC Hallwilersee,5
2010,Club Aviron Vésenaz,CA Vésenaz,4
2010,Seeclub Arbon,SC Arbon,4
2010,Lausanne-Sports Section Aviron,Lausanne-Sports SA,2
2010,Seeclub Biel,SC Biel,2
2010,Seeclub Stäfa,SC Stäfa,2
2010,Nordiska Roddföreningen Zürich,Nordiska Zürich,1
2010,Ruderclub Sarnen,RC Sarnen,1
2011,Ruderclub Baden,RC Baden,91
2011,Basler Ruder-Club,Basler RC,90
2011,Grasshopper Ruderclub Zürich,Grasshopper RC Zürich,72
2011,Seeclub Zürich,SC Zürich,63
2011,Seeclub Luzern,SC Luzern,48
2011,Polytechniker Ruderclub Zürich,Polytechniker RC Zürich,37
2011,Seeclub Biel,SC Biel,37
2011,Club Aviron Vevey,CA Vevey,34
2011,Forward Rowing Club Morges,Forward RC Morges,34
2011,Ruderclub Schaffhausen,RC Schaffhausen,33
2011,Ruderclub Blauweiss Basel,RC Blauweiss Basel,22
2011,Ruderclub Reuss Luzern,RC Reuss Luzern,21
2011,Ruderclub Zürich,RC Zürich,19
2011,Belvoir Ruderclub Zürich,Belvoir RC Zürich,17
2011,Ruderclub Thalwil,RC Thalwil,17
2011,Nordiska Roddföreningen Zürich,Nordiska Zürich,12
2011,Solothurner Ruderclub,Solothurner RC,12
2011,Lausanne-Sports Section Aviron,Lausanne-Sports SA,11
2011,Rowing Club Bern,RC Bern,9
2011,Ruderclub Hallwilersee,RC Hallwilersee,9
2011,See-Club Zug,SC Zug,9
2011,Club Canottieri Lugano,CC Lugano,8
2011,Seeclub Küsnacht,SC Küsnacht,8
2011,Société Nautique de Genève Section Aviron,SN Genève SA,8
2011,Ruderclub Kaufleuten Zürich,RC Kaufleuten Zürich,7
2011,Seeclub Sempach,SC Sempach,5
2011,Rowing Club Lausanne,RC Lausanne,4
2011,Ruderclub Cham,RC Cham,3
2011,Ruderclub Sarnen,RC Sarnen,1
2011,Seeclub Horgen,SC Horgen,1
2012,Basler Ruder-Club,Basler RC,108
2012,Seeclub Zürich,SC Zürich,107
2012,Ruderclub Baden,RC Baden,94
2012,See-Club Zug,SC Zug,60
2012,Grasshopper Ruderclub Zürich,Grasshopper RC Zürich,52
2012,Ruderclub Blauweiss Basel,RC Blauweiss Basel,49
2012,Belvoir Ruderclub Zürich,Belvoir RC Zürich,35
2012,Polytechniker Ruderclub Zürich,Polytechniker RC Zürich,35
2012,Ruderclub Schaffhausen,RC Schaffhausen,31
2012,Ruderclub Zürich,RC Zürich,26
2012,Ruderclub Thalwil,RC Thalwil,23
2012,Club Aviron Vevey,CA Vevey,21
2012,Lausanne-Sports Section Aviron,Lausanne-Sports SA,20
2012,Rowing Club Lausanne,RC Lausanne,20
2012,Ruderclub Reuss Luzern,RC Reuss Luzern,17
2012,Forward Rowing Club Morges,Forward RC Morges,16
2012,Seeclub Küsnacht,SC Küsnacht,16
2012,Seeclub Luzern,SC Luzern,16
2012,Solothurner Ruderclub,Solothurner RC,14
2012,Ruderclub Hallwilersee,RC Hallwilersee,13
2012,Nordiska Roddföreningen Zürich,Nordiska Zürich,10
2012,Ruderclub Kaufleuten Zürich,RC Kaufleuten Zürich,10
2012,Seeclub Wädenswil,SC Wädenswil,10
2012,Seeclub Biel,SC Biel,8
2012,Ruderclub Cham,RC Cham,5
2012,Société Nautique de Genève Section Aviron,SN Genève SA,5
2012,Ruderclub Rapperswil-Jona,RC Rapperswil-Jona,4
2012,Ruderclub Aarburg,RC Aarburg,3
2012,Rowing Club Bern,RC Bern,2
2012,Ruderclub Kreuzlingen,RC Kreuzlingen,2
2012,Seeclub Arbon,SC Arbon,2
2012,Ruderclub Sarnen,RC Sarnen,1
2013,Seeclub Zürich,SC Zürich,165
2013,Grasshopper Ruderclub Zürich,Grasshopper RC Zürich,105
2013,See-Club Zug,SC Zug,105
2013,Basler Ruder-Club,Basler RC,88
2013,Belvoir Ruderclub Zürich,Belvoir RC Zürich,71
2013,Ruderclub Blauweiss Basel,RC Blauweiss Basel,64
2013,Ruderclub Baden,RC Baden,63
2013,Seeclub Luzern,SC Luzern,63
2013,Ruderclub Thalwil,RC Thalwil,40
2013,Club Aviron Vésenaz,CA Vésenaz,30
2013,Ruderclub Schaffhausen,RC Schaffhausen,25
2013,Polytechniker Ruderclub Zürich,Polytechniker RC Zürich,23
2013,Ruderclub Zürich,RC Zürich,19
2013,Rowing Club Lausanne,RC Lausanne,18
2013,Seeclub Sempach,SC Sempach,18
2013,Club Aviron Vevey,CA Vevey,17
2013,Ruderclub Cham,RC Cham,17
2013,Seeclub Arbon,SC Arbon,17
2013,Forward Rowing Club Morges,Forward RC Morges,15
2013,Lausanne-Sports Section Aviron,Lausanne-Sports SA,15
2013,Società Canottieri Locarno,SC Locarno,15
2013,Ruderclub Kaufleuten Zürich,RC Kaufleuten Zürich,11
2013,Solothurner Ruderclub,Solothurner RC,10
2013,Ruderclub Rapperswil-Jona,RC Rapperswil-Jona,7
2013,Ruderclub Aarburg,RC Aarburg,6
2013,Seeclub Sursee,SC Sursee,6
2013,Aviron Romand Zürich,Aviron Romand Zürich,4
2013,Ruderclub Hallwilersee,RC Hallwilersee,4
2013,Club Canottieri Lugano,CC Lugano,3
2013,Ruderclub Kreuzlingen,RC Kreuzlingen,1
2013,Ruderclub Sarnen,RC Sarnen,1
2014,See-Club Zug,SC Zug,149
2014,Seeclub Zürich,SC Zürich,143
2014,Grasshopper Ruderclub Zürich,Grasshopper RC Zürich,127
2014,Belvoir Ruderclub Zürich,Belvoir RC Zürich,115
2014,Ruderclub Zürich,RC Zürich,56
2014,Ruderclub Blauweiss Basel,RC Blauweiss Basel,53
2014,Seeclub Luzern,SC Luzern,48
2014,Basler Ruder-Club,Basler RC,44
2014,Forward Rowing Club Morges,Forward RC Morges,36
2014,Ruderclub Cham,RC Cham,29
2014,Club Aviron Vevey,CA Vevey,26
2014,Ruderclub Reuss Luzern,RC Reuss Luzern,24
2014,Club Aviron Vésenaz,CA Vésenaz,22
2014,Ruderclub Schaffhausen,RC Schaffhausen,21
2014,Società Canottieri Locarno,SC Locarno,17
2014,Polytechniker Ruderclub Zürich,Polytechniker RC Zürich,16
2014,Rowing Club Lausanne,RC Lausanne,16
2014,Ruderclub Baden,RC Baden,11
2014,Ruderclub Thalwil,RC Thalwil,10
2014,UCL,UCL,10
2014,Rowing Club Bern,RC Bern,9
2014,Nordiska Roddföreningen Zürich,Nordiska Zürich,8
2014,Seeclub Sempach,SC Sempach,8
2014,Solothurner Ruderclub,Solothurner RC,8
2014,Lausanne-Sports Section Aviron,Lausanne-Sports SA,7
2014,Aviron Romand Zürich,Aviron Romand Zürich,5
2014,Ruderclub Hallwilersee,RC Hallwilersee,4
2014,Seeclub Biel,SC Biel,3
2014,Ruderclub Kaufleuten Zürich,RC Kaufleuten Zürich,2
2014,Seeclub Küsnacht,SC Küsnacht,2
2014,Seeclub Sursee,SC Sursee,2
2014,Ruderclub Aarburg,RC Aarburg,1
2014,Seeclub Arbon,SC Arbon,1
2015,Seeclub Zürich,SC Zürich,192
2015,See-Club Zug,SC Zug,154
2015,Basler Ruder-Club,Basler RC,125
2015,Belvoir Ruderclub Zürich,Belvoir RC Zürich,98
2015,Ruderclub Baden,RC Baden,95
2015,Forward Rowing Club Morges,Forward RC Morges,79
2015,Ruderclub Zürich,RC Zürich,67
2015,Ruderclub Blauweiss Basel,RC Blauweiss Basel,62
2015,Grasshopper Ruderclub Zürich,Grasshopper RC Zürich,56
2015,Ruderclub Reuss Luzern,RC Reuss Luzern,54
2015,Seeclub Luzern,SC Luzern,52
2015,Rowing Club Lausanne,RC Lausanne,46
2015,Seeclub Biel,SC Biel,37
2015,Ruderclub Kaufleuten Zürich,RC Kaufleuten Zürich,17
2015,Polytechniker Ruderclub Zürich,Polytechniker RC Zürich,15
2015,Ruderclub Schaffhausen,RC Schaffhausen,12
2015,Seeclub Sempach,SC Sempach,11
2015,Solothurner Ruderclub,Solothurner RC,10
2015,Ruderclub Hallwilersee,RC Hallwilersee,9
2015,Aviron Romand Zürich,Aviron Romand Zürich,8
2015,Ruderclub Rapperswil-Jona,RC Rapperswil-Jona,7
2015,Club Aviron Vevey,CA Vevey,6
2015,Lausanne-Sports Section Aviron,Lausanne-Sports SA,6
2015,Società Canottieri Locarno,SC Locarno,6
2015,Ruderclub Erlenbach,RC Erlenbach,5
2015,Seeclub Küsnacht,SC Küsnacht,5
2015,Ruderclub Cham,RC Cham,4
2015,Seeclub Sursee,SC Sursee,4
2015,Seeclub Arbon,SC Arbon,3
2015,Club Canottieri Lugano,CC Lugano,1
2015,Ruderclub Aarburg,RC Aarburg,1
2015,Ruderclub Greifensee,RC Greifensee,1
2015,Ruderclub Sarnen,RC Sarnen,1
2016,See-Club Zug,SC Zug,138
2016,Seeclub Zürich,SC Zürich,114
2016,Grasshopper Ruderclub Zürich,Grasshopper RC Zürich,81
2016,Belvoir Ruderclub Zürich,Belvoir RC Zürich,77
2016,Basler Ruder-Club,Basler RC,71
2016,Ruderclub Baden,RC Baden,60
2016,Seeclub Luzern,SC Luzern,60
2016,Forward Rowing Club Morges,Forward RC Morges,49
2016,Ruderclub Blauweiss Basel,RC Blauweiss Basel,38
2016,Ruderclub Zürich,RC Zürich,30
2016,Rowing Club Bern,RC Bern,22
2016,Ruderclub Schaffhausen,RC Schaffhausen,21
2016,Seeclub Stansstad,SC Stansstad,20
2016,Ruderclub Reuss Luzern,RC Reuss Luzern,17
2016,Club Canottieri Lugano,CC Lugano,16
2016,Seeclub Richterswil,SC Richterswil,15
2016,Seeclub Biel,SC Biel,11
2016,Aviron Romand Zürich,Aviron Romand Zürich,9
2016,Ruderclub Cham,RC Cham,9
2016,Ruderclub Hallwilersee,RC Hallwilersee,9
2016,Seeclub Sursee,SC Sursee,8
2016,Lausanne-Sports Section Aviron,Lausanne-Sports SA,5
2016,Ruderclub Erlenbach,RC Erlenbach,5
2016,Société d'Aviron Fribourg,SA Fribourg,3
2016,Seeclub Arbon,SC Arbon,3
2016,Seeclub Küsnacht,SC Küsnacht,3
2016,Seeclub Sempach,SC Sempach,3
2016,Solothurner Ruderclub,Solothurner RC,3
2016,Club Aviron Vevey,CA Vevey,1
2016,Polytechniker Ruderclub Zürich,Polytechniker RC Zürich,1
2016,Ruderclub Sarnen,RC Sarnen,1
2017,Seeclub Zürich,SC Zürich,161
2017,Grasshopper Ruderclub Zürich,Grasshopper RC Zürich,125
2017,See-Club Zug,SC Zug,81
2017,Ruderclub Baden,RC Baden,68
2017,Basler Ruder-Club,Basler RC,67
2017,Belvoir Ruderclub Zürich,Belvoir RC Zürich,61
2017,Ruderclub Thalwil,RC Thalwil,41
2017,Ruderclub Blauweiss Basel,RC Blauweiss Basel,39
2017,Forward Rowing Club Morges,Forward RC Morges,33
2017,Rowing Club Bern,RC Bern,30
2017,Seeclub Luzern,SC Luzern,26
2017,Ruderclub Schaffhausen,RC Schaffhausen,23
2017,Rowing Club Lausanne,RC Lausanne,20
2017,Club Aviron Vevey,CA Vevey,18
2017,Ruderclub Zürich,RC Zürich,15
2017,Lausanne-Sports Section Aviron,Lausanne-Sports SA,13
2017,Ruderclub Erlenbach,RC Erlenbach,12
2017,Seeclub Biel,SC Biel,12
2017,Club Canottieri Lugano,CC Lugano,11
2017,Solothurner Ruderclub,Solothurner RC,11
2017,Ruderclub Hallwilersee,RC Hallwilersee,8
2017,Aviron Romand Zürich,Aviron Romand Zürich,7
2017,Ruderclub Cham,RC Cham,7
2017,Ruderclub Kaufleuten Zürich,RC Kaufleuten Zürich,6
2017,Ruderclub Sarnen,RC Sarnen,5
2017,Seeclub Sursee,SC Sursee,5
2017,Polytechniker Ruderclub Zürich,Polytechniker RC Zürich,4
2017,Società Canottieri Locarno,SC Locarno,4
2017,Seeclub Stansstad,SC Stansstad,4
2017,Seeclub Küsnacht,SC Küsnacht,3
2017,Seeclub Sempach,SC Sempach,3
2017,Société d'Aviron Fribourg,SA Fribourg,2
2017,Seeclub Arbon,SC Arbon,2
2017,Nordiska Roddföreningen Zürich,Nordiska Zürich,1
2017,Rudergesellschaft Zürich,RG Zürich,1
2018,Seeclub Zürich,SC Zürich,122
2018,Basler Ruder-Club,Basler RC,100
2018,See-Club Zug,SC Zug,100
2018,Belvoir Ruderclub Zürich,Belvoir RC Zürich,88
2018,Grasshopper Ruderclub Zürich,Grasshopper RC Zürich,85
2018,Ruderclub Thalwil,RC Thalwil,81
2018,Ruderclub Baden,RC Baden,74
2018,Ruderclub Blauweiss Basel,RC Blauweiss Basel,46
2018,Ruderclub Zürich,RC Zürich,43
2018,Rowing Club Bern,RC Bern,36
2018,Seeclub Luzern,SC Luzern,31
2018,Solothurner Ruderclub,Solothurner RC,25
2018,Club Aviron Vevey,CA Vevey,22
2018,Seeclub Biel,SC Biel,20
2018,Ruderclub Hallwilersee,RC Hallwilersee,15
2018,Forward Rowing Club Morges,Forward RC Morges,13
2018,Seeclub Küsnacht,SC Küsnacht,11
2018,Seeclub Stansstad,SC Stansstad,10
2018,Nordiska Roddföreningen Zürich,Nordiska Zürich,9
2018,Rudergesellschaft Zürich,RG Zürich,7
2018,Ruderclub Erlenbach,RC Erlenbach,6
2018,Ruderclub Kaufleuten Zürich,RC Kaufleuten Zürich,6
2018,Ruderclub Schaffhausen,RC Schaffhausen,6
2018,Club Canottieri Lugano,CC Lugano,3
2018,Polytechniker Ruderclub Zürich,Polytechniker RC Zürich,3
2018,Ruderclub Cham,RC Cham,3
2018,Seeclub Arbon,SC Arbon,3
2018,Aviron Romand Zürich,Aviron Romand Zürich,2
2018,Kantonsschule Wettingen,KS Wettingen,2
2018,Ruderclub Sarnen,RC Sarnen,2
2018,Société d'Aviron Fribourg,SA Fribourg,2
2018,Seeclub Sursee,SC Sursee,2
2018,Lausanne-Sports Section Aviron,Lausanne-Sports SA,1
2019,Grasshopper Ruderclub Zürich,Grasshopper RC Zürich,159
2019,Seeclub Zürich,SC Zürich,128
2019,Belvoir Ruderclub Zürich,Belvoir RC Zürich,104
2019,See-Club Zug,SC Zug,71
2019,Rowing Club Bern,RC Bern,69
2019,Basler Ruder-Club,Basler RC,58
2019,Ruderclub Baden,RC Baden,58
2019,Club Aviron Vevey,CA Vevey,50
2019,Ruderclub Blauweiss Basel,RC Blauweiss Basel,48
2019,Ruderclub Zürich,RC Zürich,42
2019,Ruderclub Thalwil,RC Thalwil,32
2019,Polytechniker Ruderclub Zürich,Polytechniker RC Zürich,24
2019,Seeclub Luzern,SC Luzern,21
2019,Solothurner Ruderclub,Solothurner RC,21
2019,Aviron Romand Zürich,Aviron Romand Zürich,13
2019,Seeclub Biel,SC Biel,11
2019,Club Aviron Vésenaz,CA Vésenaz,10
2019,Seeclub Sursee,SC Sursee,10
2019,Seeclub Stansstad,SC Stansstad,9
2019,Nordiska Roddföreningen Zürich,Nordiska Zürich,8
2019,Club Canottieri Lugano,CC Lugano,7
2019,Seeclub Küsnacht,SC Küsnacht,7
2019,Società Canottieri Locarno,SC Locarno,5
2019,Forward Rowing Club Morges,Forward RC Morges,4
2019,Ruderclub Kaufleuten Zürich,RC Kaufleuten Zürich,4
2019,Ruderclub Sarnen,RC Sarnen,4
2019,Rudergesellschaft Zürich,RG Zürich,4
2019,Seeclub Arbon,SC Arbon,4
2019,Ruderclub Aarburg,RC Aarburg,3
2019,Ruderclub Cham,RC Cham,3
2019,Lausanne-Sports Section Aviron,Lausanne-Sports SA,2
2019,Ruderclub Hallwilersee,RC Hallwilersee,2
2019,Ruderclub Schaffhausen,RC Schaffhausen,2
2019,Rowing Club Lausanne,RC Lausanne,1
2019,Société Nautique Étoile Bienne,SN Étoile Bienne,1
2020,Seeclub Zürich,SC Zürich,58
2020,Rowing Club Bern,RC Bern,56
2020,Grasshopper Ruderclub Zürich,Grasshopper RC Zürich,46
2020,Ruderclub Baden,RC Baden,33
2020,Ruderclub Blauweiss Basel,RC Blauweiss Basel,30
2020,Basler Ruder-Club,Basler RC,26
2020,Belvoir Ruderclub Zürich,Belvoir RC Zürich,25
2020,Club Aviron Vevey,CA Vevey,19
2020,See-Club Zug,SC Zug,19
2020,Ruderclub Zürich,RC Zürich,17
2020,Seeclub Luzern,SC Luzern,15
2020,Ruderclub Schaffhausen,RC Schaffhausen,12
2020,Forward Rowing Club Morges,Forward RC Morges,11
2020,Club Aviron Vésenaz,CA Vésenaz,10
2020,Seeclub Biel,SC Biel,10
2020,Seeclub Küsnacht,SC Küsnacht,10
2020,Polytechniker Ruderclub Zürich,Polytechniker RC Zürich,8
2020,Ruderclub Thalwil,RC Thalwil,6
2020,Solothurner Ruderclub,Solothurner RC,6
2020,Lausanne-Sports Section Aviron,Lausanne-Sports SA,5
2020,Ruderclub Erlenbach,RC Erlenbach,5
2020,Ruderclub Hallwilersee,RC Hallwilersee,5
2020,Aviron Romand Zürich,Aviron Romand Zürich,4
2020,Club Aviron Vallée de Joux,CA Vallée de Joux,4
2020,Ruderclub Rapperswil-Jona,RC Rapperswil-Jona,4
2020,Ruderclub Sarnen,RC Sarnen,4
2020,Seeclub Sempach,SC Sempach,4
2020,Ruderclub Aarburg,RC Aarburg,3
2020,Ruderclub Cham,RC Cham,2
2020,Ruderclub Kaufleuten Zürich,RC Kaufleuten Zürich,2
2020,Seeclub Sursee,SC Sursee,2
2020,Club Canottieri Lugano,CC Lugano,1
2020,Seeclub Arbon,SC Arbon,1
2021,Club Aviron Vevey,CA Vevey,26
2021,See-Club Zug,SC Zug,24
2021,Rowing Club Lausanne,RC Lausanne,18
2021,Basler Ruder-Club,Basler RC,17
2021,Rowing Club Bern,RC Bern,14
2021,Belvoir Ruderclub Zürich,Belvoir RC Zürich,10
2021,Forward Rowing Club Morges,Forward RC Morges,9
2021,Club Canottieri Lugano,CC Lugano,7
2021,Lausanne-Sports Section Aviron,Lausanne-Sports SA,7
2021,Polytechniker Ruderclub Zürich,Polytechniker RC Zürich,6
2021,Ruderclub Erlenbach,RC Erlenbach,6
2021,Ruderclub Zürich,RC Zürich,5
2021,Seeclub Zürich,SC Zürich,5
2021,Société Nautique de Genève Section Aviron,SN Genève SA,4
2021,Ruderclub Blauweiss Basel,RC Blauweiss Basel,1
2022,Basler Ruder-Club,Basler RC,180
2022,Belvoir Ruderclub Zürich,Belvoir RC Zürich,151
2022,Rowing Club Bern,RC Bern,122
2022,Seeclub Zürich,SC Zürich,114
2022,Grasshopper Ruderclub Zürich,Grasshopper RC Zürich,106
2022,Ruderclub Thalwil,RC Thalwil,67
2022,Ruderclub Zürich,RC Zürich,66
2022,Ruderclub Erlenbach,RC Erlenbach,30
2022,Polytechniker Ruderclub Zürich,Polytechniker RC Zürich,24
2022,Club Canottieri Lugano,CC Lugano,22
2022,Forward Rowing Club Morges,Forward RC Morges,21
2022,Solothurner Ruderclub,Solothurner RC,21
2022,Club Aviron Vevey,CA Vevey,20
2022,See-Club Zug,SC Zug,17
2022,Ruderclub Schaffhausen,RC Schaffhausen,14
2022,Seeclub Luzern,SC Luzern,14
2022,Ruderclub Baden,RC Baden,13
2022,Ruderclub Uster,RC Uster,13
2022,Ruderclub Aarburg,RC Aarburg,11
2022,Ruderclub Blauweiss Basel,RC Blauweiss Basel,9
2022,Lausanne-Sports Section Aviron,Lausanne-Sports SA,7
2022,Seeclub Küsnacht,SC Küsnacht,7
2022,Aviron Romand Zürich,Aviron Romand Zürich,6
2022,Società Canottieri Locarno,SC Locarno,5
2022,Seeclub Sursee,SC Sursee,5
2022,Ruderclub Kaufleuten Zürich,RC Kaufleuten Zürich,4
2022,Association Romande d'Aviron,ARA,2
2022,Club Aviron Ville Fribourg,CA Ville Fribourg,2
2022,Ruderclub Hallwilersee,RC Hallwilersee,2
2022,Ruderclub Sarnen,RC Sarnen,2
2022,Rudergesellschaft Zürich,RG Zürich,2
2022,Seeclub Sempach,SC Sempach,1
2022,Société Nautique de Genève Section Aviron,SN Genève SA,1
2022,Société Nautique de Neuchâtel,SN Neuchâtel,1
2023,Basler Ruder-Club,Basler RC,289
2023,Belvoir Ruderclub Zürich,Belvoir RC Zürich,201
2023,Seeclub Zürich,SC Zürich,172
2023,Grasshopper Ruderclub Zürich,Grasshopper RC Zürich,147
2023,Rowing Club Bern,RC Bern,99
2023,Seeclub Luzern,SC Luzern,89
2023,Polytechniker Ruderclub Zürich,Polytechniker RC Zürich,75
2023,Ruderclub Zürich,RC Zürich,59
2023,Ruderclub Erlenbach,RC Erlenbach,56
2023,Rowing Club Lausanne,RC Lausanne,51
2023,See-Club Zug,SC Zug,51
2023,Ruderclub Schaffhausen,RC Schaffhausen,47
2023,Club Canottieri Lugano,CC Lugano,46
2023,Forward Rowing Club Morges,Forward RC Morges,33
2023,Seeclub Küsnacht,SC Küsnacht,24
2023,Ruderclub Blauweiss Basel,RC Blauweiss Basel,22
2023,Aviron Romand Zürich,Aviron Romand Zürich,20
2023,Club Aviron Vevey,CA Vevey,20
2023,Ruderclub Baden,RC Baden,20
2023,Nordiska Roddföreningen Zürich,Nordiska Zürich,14
2023,Ruderclub Thalwil,RC Thalwil,13
2023,Rudergesellschaft Zürich,RG Zürich,13
2023,Solothurner Ruderclub,Solothurner RC,13
2023,Lausanne-Sports Section Aviron,Lausanne-Sports SA,7
2023,Ruderclub Uster,RC Uster,7
2023,Seeclub Stansstad,SC Stansstad,7
2023,Club Aviron Vésenaz,CA Vésenaz,5
2023,Ruderclub Aarburg,RC Aarburg,5
2023,Ruderclub Sarnen,RC Sarnen,5
2023,Seeclub Stäfa,SC Stäfa,5
2023,Ruderclub Kaufleuten Zürich,RC Kaufleuten Zürich,4
2023,Seeclub Richterswil,SC Richterswil,4
2023,Ruderclub Cham,RC Cham,3
2023,Società Canottieri Locarno,SC Locarno,3
2023,Ruderclub Hallwilersee,RC Hallwilersee,2
2023,Seeclub Sempach,SC Sempach,2
2023,Seeclub Sursee,SC Sursee,2
2023,Association Romande d'Aviron,ARA,1
2023,Ruderclub Olten,RC Olten,1
2024,Basler Ruder-Club,Basler RC,171
2024,Belvoir Ruderclub Zürich,Belvoir RC Zürich,152
2024,Seeclub Zürich,SC Zürich,99
2024,Ruderclub Zürich,RC Zürich,60
2024,Rowing Club Bern,RC Bern,54
2024,Rowing Club Lausanne,RC Lausanne,52
2024,Grasshopper Ruderclub Zürich,Grasshopper RC Zürich,51
2024,Seeclub Luzern,SC Luzern,49
2024,Ruderclub Baden,RC Baden,39
2024,Club Aviron Vevey,CA Vevey,35
2024,Ruderclub Schaffhausen,RC Schaffhausen,26
2024,See-Club Zug,SC Zug,26
2024,Polytechniker Ruderclub Zürich,Polytechniker RC Zürich,24
2024,Ruderclub Erlenbach,RC Erlenbach,19
2024,Lausanne-Sports Section Aviron,Lausanne-Sports SA,17
2024,Ruderclub Blauweiss Basel,RC Blauweiss Basel,17
2024,Solothurner Ruderclub,Solothurner RC,16
2024,Ruderclub Olten,RC Olten,15
2024,Ruderclub Thalwil,RC Thalwil,8
2024,Ruderclub Wohlensee,RC Wohlensee,5
2024,Seeclub Richterswil,SC Richterswil,5
2024,Seeclub Küsnacht,SC Küsnacht,4
2024,Club Canottieri Lugano,CC Lugano,3
2024,Ruderclub Aarburg,RC Aarburg,3
2024,Club Aviron Vésenaz,CA Vésenaz,2
2024,Forward Rowing Club Morges,Forward RC Morges,2
2024,Ruderclub Sarnen,RC Sarnen,2
2024,Club Aviron Ville Fribourg,CA Ville Fribourg,1
2024,Société Nautique de Neuchâtel,SN Neuchâtel,1
2025,Basler Ruder-Club,Basler RC,196
2025,Belvoir Ruderclub Zürich,Belvoir RC Zürich,162
2025,Grasshopper Ruderclub Zürich,Grasshopper RC Zürich,150
2025,Seeclub Zürich,SC Zürich,93
2025,Ruderclub Erlenbach,RC Erlenbach,73
2025,Rowing Club Bern,RC Bern,65
2025,Ruderclub Zürich,RC Zürich,55
2025,Ruderclub Blauweiss Basel,RC Blauweiss Basel,42
2025,Club Aviron Vevey,CA Vevey,40
2025,Lausanne-Sports Section Aviron,Lausanne-Sports SA,39
2025,Polytechniker Ruderclub Zürich,Polytechniker RC Zürich,37
2025,Seeclub Luzern,SC Luzern,30
2025,Rowing Club Lausanne,RC Lausanne,27
2025,Ruderclub Baden,RC Baden,26
2025,Ruderclub Schaffhausen,RC Schaffhausen,20
2025,Club Canottieri Lugano,CC Lugano,16
2025,Solothurner Ruderclub,Solothurner RC,16
2025,Seeclub Küsnacht,SC Küsnacht,15
2025,Nordiska Roddföreningen Zürich,Nordiska Zürich,14
2025,See-Club Zug,SC Zug,12
2025,Ruderverband Oberer Zürichsee,ROZ,11
2025,Forward Rowing Club Morges,Forward RC Morges,5
2025,Ruderclub Aarburg,RC Aarburg,5
2025,Aviron Romand Zürich,Aviron Romand Zürich,3
2025,Union Nautique Yverdon,Union Nautique Yverdon,2
2025,Ruderclub Thalwil,RC Thalwil,1
2025,Seeclub Wädenswil,SC Wädenswil,1
2025,Société Nautique de Neuchâtel,SN Neuchâtel,1
2025,Société Nautique Étoile Bienne,SN Étoile Bienne,1
2026,Belvoir Ruderclub Zürich,Belvoir RC Zürich,186
2026,Seeclub Zürich,SC Zürich,157
2026,Ruderclub Erlenbach,RC Erlenbach,145
2026,Basler Ruder-Club,Basler RC,135
2026,Ruderclub Zürich,RC Zürich,89
2026,Grasshopper Ruderclub Zürich,Grasshopper RC Zürich,58
2026,Rowing Club Bern,RC Bern,47
2026,Polytechniker Ruderclub Zürich,Polytechniker RC Zürich,44
2026,Seeclub Luzern,SC Luzern,44
2026,Ruderclub Blauweiss Basel,RC Blauweiss Basel,34
2026,Ruderclub Baden,RC Baden,31
2026,Lausanne-Sports Section Aviron,Lausanne-Sports SA,27
2026,Club Aviron Vevey,CA Vevey,25
2026,Ruderclub Thalwil,RC Thalwil,23
2026,Solothurner Ruderclub,Solothurner RC,20
2026,Rowing Club Lausanne,RC Lausanne,17
2026,Seeclub Küsnacht,SC Küsnacht,17
2026,Club Aviron Vésenaz,CA Vésenaz,15
2026,Nordiska Roddföreningen Zürich,Nordiska Zürich,11
2026,Seeclub Biel,SC Biel,9
2026,Ruderclub Aarburg,RC Aarburg,7
2026,Ruderclub Schaffhausen,RC Schaffhausen,6
2026,Société Nautique Étoile Bienne,SN Étoile Bienne,6
2026,Seeclub Wädenswil,SC Wädenswil,5
2026,Ruderclub Rapperswil-Jona,RC Rapperswil-Jona,4
2026,Seeclub Stansstad,SC Stansstad,4
2026,Ruderclub Hallwilersee,RC Hallwilersee,3
2026,Ruderclub Kaufleuten Zürich,RC Kaufleuten Zürich,3
2026,Rudergesellschaft Zürich,RG Zürich,2
2026,Ruderclub Cham,RC Cham,1
2026,Seeclub Sursee,SC Sursee,1
2026,See-Club Zug,SC Zug,1
